ELECTION,OFFICECD,RECIPID,CANCLASS,RECIPNAME,COMMITTEE,FILING,SCHEDULE,PAGENO,SEQUENCENO,REFNO,DATE,REFUNDDATE,NAME,C_CODE,STRNO,STRNAME,APARTMENT,BOROUGHCD,CITY,STATE,ZIP,OCCUPATION,EMPNAME,EMPSTRNO,EMPSTRNAME,EMPCITY,EMPSTATE,AMNT,MATCHAMNT,PREVAMNT,PAY_METHOD,INTERMNO,INTERMNAME,INTSTRNO,INTSTRNM,INTAPTNO,INTCITY,INTST,INTZIP,INTEMPNAME,INTEMPSTNO,INTEMPSTNM,INTEMPCITY,INTEMPST,INTOCCUPA,PURPOSECD,EXEMPTCD,ADJTYPECD,RR_IND,SEG_IND,INT_C_CODE
2025,1,2899,P,"Mamdani, Zohran K",H,12,ABC,,,R0175056,7/17/2025,,"Arrandale, Molly",IND,,,,Z,Livingston,MT,59047,Program Manager,Montana State University,Culberts,"Hall, 100",Bozeman,MT,27,0,0,4,,,,,,,,,,,,,,,,,,N,N,
2025,1,2899,P,"Mamdani, Zohran K",H,11,ABC,,,R0134406,7/1/2025,,"Bonin, Drake",IND,,,,Z,Belgrade,MT,59714,Manager,Foundant Tech,149,Willow Peak Drive,Bozeman,MT,25,0,0,4,,,,,,,,,,,,,,,,,,N,N,
2025,1,2899,P,"Mamdani, Zohran K",H,11,ABC,,,R0127065,6/29/2025,,"Burke, Erin",IND,,,,Z,Missoula,MT,59801,Unemployed,,,,,,25,0,0,4,,,,,,,,,,,,,,,,,,N,N,
2025,1,2899,P,"Mamdani, Zohran K",H,11,ABC,,,R0117793,6/25/2025,,"CARPENTER, LAURIE",IND,,,,Z,WHITEFISH,MT,59937,Retired,,,,,,15,0,0,4,,,,,,,,,,,,,,,,,,N,N,
2025,1,2899,P,"Mamdani, Zohran K",H,8,ABC,,,R0072582,3/13/2025,,"Cotter, Julia",IND,,,,Z,Helena,MT,59601,Director,Non profit,3rd,st,Helena,MT,250,0,0,4,,,,,,,,,,,,,,,,,,N,N,
2025,1,2899,P,"Mamdani, Zohran K",H,12,ABC,,,R0179338,7/21/2025,,"Crowley, Rosemary",IND,,,,Z,Helena,MT,59601,Retired,,,,,,25,0,0,4,,,,,,,,,,,,,,,,,,N,N,
2025,1,2899,P,"Mamdani, Zohran K",H,12,ABC,,,R0179339,7/21/2025,,"Crowley, Rosemary",IND,,,,Z,Helena,MT,59601,Retired,,,,,,25,0,0,4,,,,,,,,,,,,,,,,,,N,N,
2025,1,2899,P,"Mamdani, Zohran K",H,13,ABC,,,R0199555,8/27/2025,,"Davis, Jesse",IND,,,,Z,Helena,MT,59602,Administrative officer,Veterans Health Administration,3687,Veterans Drive,FORT HARRISON,MT,25,0,0,4,,,,,,,,,,,,,,,,,,N,N,
2025,1,2899,P,"Mamdani, Zohran K",H,11,ABC,,,R0117837,6/25/2025,,"Garrity, Michael",IND,,,,Z,Helena,MT,59601,Environmentalist,Alliance for the Wild Rockies,PO,Box 505,Helena,MT,5,0,0,4,,,,,,,,,,,,,,,,,,N,N,
2025,1,2899,P,"Mamdani, Zohran K",H,13,ABC,,,R0218966,9/9/2025,,"Garrity, Michael",IND,,,,Z,Helena,MT,59601,Executive Director,Alliance for the Wild Rockies,PO,Box 505,Helena,MT,5,0,0,4,,,,,,,,,,,,,,,,,,N,N,
2025,1,2899,P,"Mamdani, Zohran K",H,13,ABC,,,R0219799,9/22/2025,,"Garrity, Michael",IND,,,,Z,Helena,MT,59601,Environmentalist,Alliance for the Wild Rockies,PO,Box 505,Helena,MT,6,0,0,4,,,,,,,,,,,,,,,,,,N,N,
2025,1,2899,P,"Mamdani, Zohran K",H,12,ABC,,,R0186631,8/6/2025,,"Gaylord, Rebecca",IND,,,,Z,Ennis,MT,59729,Communications Officer,Madison County Sheriff's Offic,5,Placer Loop,Virginia City,MT,100,0,0,4,,,,,,,,,,,,,,,,,,N,N,
2025,1,2899,P,"Mamdani, Zohran K",H,11,ABC,,,R0140156,7/6/2025,,"Hoeschen, Andrea",IND,,,,Z,Livingston,MT,59047,Attorney,Actors Equity Association,165,West 46th Street,New York,NY,100,0,0,4,,,,,,,,,,,,,,,,,,N,N,
2025,1,2899,P,"Mamdani, Zohran K",H,11,ABC,,,R0118258,6/26/2025,,"Holland-Stergar, Brianne",IND,,,,Z,Missoula,MT,59802,Academic Fellow,Stanford Law School,559,Nathan Abbott Way,Stanford,CA,50,0,0,4,,,,,,,,,,,,,,,,,,N,N,
2025,1,2899,P,"Mamdani, Zohran K",H,11,ABC,,,R0133038,6/30/2025,,"Hunter, Reese",IND,,,,Z,Missoula,MT,59802,Inventory Specialist,Peddle,38000,N Lamar BLVD,Austin,TX,25,0,0,4,,,,,,,,,,,,,,,,,,N,N,
2025,1,2899,P,"Mamdani, Zohran K",H,13,ABC,,,R0199263,8/27/2025,,"Judson, Isaac",IND,,,,Z,Missoula,MT,59802,Lawn maintenance,Natures Best,1175,Clark Fork Drive,Missoula,MT,10,0,0,4,,,,,,,,,,,,,,,,,,N,N,
2025,1,2899,P,"Mamdani, Zohran K",H,11,ABC,,,R0117524,6/25/2025,,"Kahm, Justin",IND,,,,Z,Glendive,MT,59330,Unemployed,,,,,,2.36,0,0,4,,,,,,,,,,,,,,,,,,N,N,
2025,1,2899,P,"Mamdani, Zohran K",H,11,ABC,,,R0125722,6/27/2025,,"Kahm, Justin",IND,,,,Z,Glendive,MT,59330,Unemployed,,,,,,25,0,2,4,,,,,,,,,,,,,,,,,,N,N,
2025,1,2899,P,"Mamdani, Zohran K",H,11,ABC,,,R0140172,7/6/2025,,"Kalgren, Joseph",IND,,,,Z,Billings,MT,59102,Training Specialist,TSA,291,Southview Drive,Billings,MT,25,0,0,4,,,,,,,,,,,,,,,,,,N,N,
2025,1,2899,P,"Mamdani, Zohran K",H,8,ABC,,,R0066726,3/6/2025,,"Kaplan, Adam",IND,,,,Z,Helena,MT,59601,Educator,West Yellowstone Schools,411,N Geyser St,West Yellowstone,MT,25,0,0,4,,,,,,,,,,,,,,,,,,N,N,
2025,1,2899,P,"Mamdani, Zohran K",H,12,ABC,,,R0190548,8/15/2025,,"Langton, Thomas",IND,,,,Z,Hamilton,MT,59840,Estimator,DJ's Electric,P.O.,Box 2066,Hamilton,MT,25,0,0,4,,,,,,,,,,,,,,,,,,N,N,
2025,1,2899,P,"Mamdani, Zohran K",H,11,ABC,,,R0126743,6/28/2025,,"LaPierre, Lynn",IND,,,,Z,Great Falls,MT,59404,Retired,,,,,,20,0,0,4,,,,,,,,,,,,,,,,,,N,N,
2025,1,2899,P,"Mamdani, Zohran K",H,11,ABC,,,R0144171,7/8/2025,,"Mills, Wendy",IND,,,,Z,BILLINGS,MT,59102,Retired,,,,,,25,0,0,4,,,,,,,,,,,,,,,,,,N,N,
2025,1,2899,P,"Mamdani, Zohran K",H,11,ABC,,,R0126251,6/27/2025,,"Misgen, Susan",IND,,,,Z,Saint Ignatius,MT,59865,Retired,,128,PO Box,Ronan,MT,50,0,0,4,,,,,,,,,,,,,,,,,,N,N,
2025,1,2899,P,"Mamdani, Zohran K",H,8,ABC,,,R0066456,3/5/2025,,"Myers, Brian",IND,,,,Z,Missoula,MT,59801,Software Engineer,Self-Employed,242,Kensington Ave,Missoula,MT,25,0,0,4,,,,,,,,,,,,,,,,,,N,N,
2025,1,2899,P,"Mamdani, Zohran K",H,12,ABC,,,R0170790,7/15/2025,,"Palen, Thomas",IND,,,,Z,Bozeman,MT,59715,Unemployed,,,,,,15,0,0,4,,,,,,,,,,,,,,,,,,N,N,
2025,1,2899,P,"Mamdani, Zohran K",H,8,ABC,,,R0037758,2/6/2025,,"Rausch-Kaplan, Adam",IND,,,,Z,West Yellowstone,MT,59758,Teacher,West Yellowstone Schools,411,North Geyser Street,West Yellowstone,MT,25,0,0,4,,,,,,,,,,,,,,,,,,N,N,
2025,1,2899,P,"Mamdani, Zohran K",H,11,ABC,,,R0126006,6/27/2025,,"Scott, Parker",IND,,,,Z,Billings,MT,59102,Social Services,United Way,3906,Victory Circle,Billings,MT,25,0,0,4,,,,,,,,,,,,,,,,,,N,N,
2025,1,2899,P,"Mamdani, Zohran K",H,8,ABC,,,R0035267,1/21/2025,,"Spang, Troy",IND,,,,Z,Billings,MT,59102,Salesperson,Music Villa,112,North Broadway,Billings,MT,10,0,0,4,,,,,,,,,,,,,,,,,,N,N,
2025,1,2899,P,"Mamdani, Zohran K",H,10,ABC,,,R0109301,6/2/2025,,"Statz, John",IND,,,,Z,Missoula,MT,59801,Not Employed,Not Employed,,,,,10,0,0,4,,,,,,,,,,,,,,,,,,N,N,
2025,1,2899,P,"Mamdani, Zohran K",H,12,ABC,,,R0175432,7/19/2025,,"Struckman, Robert",IND,,,,Z,Billings,MT,59102,Union rep,Aflcio,2018,Mariposa Ln,Billings,MT,25,0,0,4,,,,,,,,,,,,,,,,,,N,N,
2025,1,2899,P,"Mamdani, Zohran K",H,13,ABC,,,R0217928,9/5/2025,,"Swidler, Barry",IND,,,,Z,Missoula,MT,59808,Retired,,,,,,50,0,0,4,,,,,,,,,,,,,,,,,,N,N,
2025,1,2899,P,"Mamdani, Zohran K",H,11,ABC,,,R0117622,6/25/2025,,"Thomas, Matthew",IND,,,,Z,Bozeman,MT,59718,Server,Bitterroot Bistro,19,S Wilson Ave,Bozeman,MT,50,0,50,4,,,,,,,,,,,,,,,,,,N,N,
2025,1,2899,P,"Mamdani, Zohran K",H,12,ABC,,,R0192209,8/18/2025,,"Thomas, Matthew",IND,,,,Z,Bozeman,MT,59718,Server,Bitterroot Bistro,19,S Wilson Ave,Bozeman,MT,10,0,100,4,,,,,,,,,,,,,,,,,,N,N,
2025,1,2899,P,"Mamdani, Zohran K",H,8,ABC,,,R0045598,3/2/2025,,"Thomas, Matthew",IND,,,,Z,Bozeman,MT,59718,Server,Bitterroot Bistro,19,S Wilson Ave,Bozeman,MT,50,0,0,4,,,,,,,,,,,,,,,,,,N,N,
2025,1,2899,P,"Mamdani, Zohran K",H,8,ABC,,,R0060773,3/11/2025,,"Turner, Evan",IND,,,,Z,Billings,MT,59106,Truck Driver,Quikrete,533,Sugar Avenue,Billings,MT,15,0,0,4,,,,,,,,,,,,,,,,,,N,N,
2025,1,2899,P,"Mamdani, Zohran K",H,11,ABC,,,R0112510,6/22/2025,,"Whalen, Mildred",IND,,,,Z,Great Falls,MT,59404,Book seller,Self-Employed,606,Central Avenue,Great Falls,MT,50,0,0,4,,,,,,,,,,,,,,,,,,N,N,
2025,1,2899,P,"Mamdani, Zohran K",H,12,ABC,,,R0182031,7/26/2025,,"zetterberg, Nicholas",IND,,,,Z,Lolo,MT,59847,Army,Dod,1213,lakeside dr,Lolo,MT,15,0,0,4,,,,,,,,,,,,,,,,,,N,N,
